Rank,Server_Rank,Commander,Alliance,Server,Points
1,1,Azethoth,[GDI] GolgDiggers,S117,12604575
2,2,TheRequiem,[P1MP] JU1CE,S117,12050380
3,3,Eldagrim,[P1MP] JU1CE,S117,11140146
4,4,RollingStoners,[P1MP] JU1CE,S117,7350125
5,5,Jeff,[P1MP] JU1CE,S117,7112620
6,1,Sergant13,[CLAV] ВОЙНЫ,S119,4824312
7,6,AyeGee,[P1MP] JU1CE,S117,4587286
8,7,Fayans,[Bigg] Бароны,S117,4174946
9,8,ViE,[P1MP] JU1CE,S117,3733728
10,2,Maketa,[TSR2] TheShardofReality2,S119,3585648
11,3,ALEXBATE,[DOOM] Armageddon,S119,3075670
12,9,ХесусХарисрама,[GDI] GolgDiggers,S117,2969850
13,4,МальчикАмбальчик,[KRL] кристал,S119,2747298
14,10,alggagi,[P1MP] JU1CE,S117,2672943
15,11,SkiFcheGG,[GDI] GolgDiggers,S117,2672504
16,5,SERIOUS-INJURY,[TSR2] TheShardofReality2,S119,2531398
17,6,DubaiEscort,[SORI] ВРЕДНЫЕ,S119,2507469
18,12,JimmyJam,[P1MP] JU1CE,S117,2480838
19,7,Акуг,[SORI] ВРЕДНЫЕ,S119,2453645
20,8,xCollapse,[dark] HORIZON,S119,2438202
21,9,Seidhe,[dark] HORIZON,S119,2432684
22,10,nerfly,[TSR2] TheShardofReality2,S119,2418828
23,11,Boroda221,[BNN] Banana,S119,2409102
24,12,Yra187,[STLG] SteelLegion,S119,2407531
25,13,Аленамама,[CLAV] ВОЙНЫ,S119,2257638
26,14,vl7,[DOOM] Armageddon,S119,2222741
27,15,kvadrateg,[TSR2] TheShardofReality2,S119,2205469
28,16,ТоШкиН,[KRL] кристал,S119,2177774
29,17,kykas,[RTR] RETRO,S119,2137427
30,18,Ilyha54rus,[CLAV] ВОЙНЫ,S119,2124710
31,19,sweertvi,[Sold] Soldiers,S119,2093135
32,20,Byrelom,[SORI] ВРЕДНЫЕ,S119,2057373
33,13,Queencard,[GDI] GolgDiggers,S117,2012614
34,21,Parovoz9,[WIn] OnlyWin,S119,2002698
35,22,Warpunish,[dark] HORIZON,S119,1979014
36,23,Karamelka1,[Sold] Soldiers,S119,1967865
37,24,Anr23,[DOOM] Armageddon,S119,1965319
38,25,giller,[TSR2] TheShardofReality2,S119,1946001
39,14,Tiffanie23,[Bigg] Бароны,S117,1922459
40,26,DronXXX,[HLCZ] HellsCrazy,S119,1898820
41,27,Tatar68rus,[TSR2] TheShardofReality2,S119,1891462
42,28,Kra4os,[SORI] ВРЕДНЫЕ,S119,1873764
43,29,Асп,[STLG] SteelLegion,S119,1872024
44,15,Chickendog,[P1MP] JU1CE,S117,1847058
45,30,Aкiо,[Sold] Soldiers,S119,1846708
46,31,RiDDicK,[STLG] SteelLegion,S119,1840394
47,32,MissCherry1221,[Hhhh] Xpovos,S119,1804473
48,33,mrWh1te,[TSR2] TheShardofReality2,S119,1799627
49,34,Disassociative,[CLAV] ВОЙНЫ,S119,1773859
50,35,pituh,[TSR2] TheShardofReality2,S119,1761979
51,36,KirilISM,[SORI] ВРЕДНЫЕ,S119,1760808
52,37,Baiok,[WIn] OnlyWin,S119,1758120
53,16,ivanpizdorvan,[GDI] GolgDiggers,S117,1734950
54,17,Shunter,[P1MP] JU1CE,S117,1717776
55,18,Boomboomberry,[AZT] AntiZombieTeam,S117,1716444
56,38,Гессху,[dark] HORIZON,S119,1712938
57,39,•Fox-,[CLAV] ВОЙНЫ,S119,1710190
58,40,Liptoo,[TSR2] TheShardofReality2,S119,1705327
59,41,V-ŘΔPŦØŘ,[SORI] ВРЕДНЫЕ,S119,1704504
60,42,DeaDShot,[STLG] SteelLegion,S119,1703760
61,43,Budmen,[SORI] ВРЕДНЫЕ,S119,1702196
62,44,Cooper0212,[TSR2] TheShardofReality2,S119,1697395
63,45,Popodelkin,[BNN] Banana,S119,1687559
64,19,IronMeridian,[AZT] AntiZombieTeam,S117,1686310
65,46,SkoRp,[SSSE] Pensioners,S119,1674254
66,47,V-style,[CLAV] ВОЙНЫ,S119,1668614
67,48,fRame,[0G8b] AbyssTerritory,S119,1663285
68,49,ADEL777,[TSR2] TheShardofReality2,S119,1656733
69,50,rygcnug,[KRL] кристал,S119,1652927
70,51,promos,[WIn] OnlyWin,S119,1648257
71,52,Lucifer,[DOOM] Armageddon,S119,1644416
72,53,pinkymii-,[CLAV] ВОЙНЫ,S119,1643680
73,54,Воротила1,[DOOM] Armageddon,S119,1636447
74,55,•ZenA•,[DOOM] Armageddon,S119,1629658
75,56,БезумныйШляпник,[Hhhh] Xpovos,S119,1629185
76,20,Disorder762,[P1MP] JU1CE,S117,1624328
77,57,"Alice""",[CLAV] ВОЙНЫ,S119,1622176
78,58,Helen08,[STLG] SteelLegion,S119,1620526
79,21,불휘이,[GDI] GolgDiggers,S117,1614828
80,59,Alex2207,[KRL] кристал,S119,1613170
81,22,gobot,[GDI] GolgDiggers,S117,1611031
82,60,Asoka,[TSR2] TheShardofReality2,S119,1609999
83,61,ХрурkоeСo3gaHue,[Sold] Soldiers,S119,1607615
84,62,OTTA,[Hhhh] Xpovos,S119,1606160
85,63,kotamur,[CLAV] ВОЙНЫ,S119,1593890
86,64,IxSAWxI,[CLAV] ВОЙНЫ,S119,1593527
87,65,FenomenRostov,[KRL] кристал,S119,1593480
88,66,12Псих12,[BNN] Banana,S119,1586318
89,67,Селенар,[Hhhh] Xpovos,S119,1568878
90,68,Wolfí,[RTR] RETRO,S119,1568678
91,23,J069III,[P1MP] JU1CE,S117,1567296
92,69,NiGaN,[DOOM] Armageddon,S119,1565480
93,70,-Alexandro-,[CHIL] ChillEmpire,S119,1564015
94,71,mrKUK,[TSR2] TheShardofReality2,S119,1561069
95,72,Тимур999,[STLG] SteelLegion,S119,1558108
96,73,•Цезарь•,[Sold] Soldiers,S119,1555375
97,74,Напасыч,[DOOM] Armageddon,S119,1553173
98,75,Никсонзомбоёб,[DOOM] Armageddon,S119,1552750
99,76,Ланка280,[CLAV] ВОЙНЫ,S119,1550864
100,77,Серёгааа,[KRL] кристал,S119,1549941
101,78,Спартак89,[STLG] SteelLegion,S119,1547973
102,79,carptime,[TSR2] TheShardofReality2,S119,1546269
103,80,Никольск,[Hhhh] Xpovos,S119,1545525
104,81,USEM,[Sold] Soldiers,S119,1539363
105,82,UmbraLBeast,[TSR2] TheShardofReality2,S119,1538792
106,83,НаТаЛьКа,[TSR2] TheShardofReality2,S119,1529312
107,84,Барсятина,[WIn] OnlyWin,S119,1523262
108,85,Kuroko4ik,[TSR2] TheShardofReality2,S119,1520487
109,86,Thefoxcub,[TSR2] TheShardofReality2,S119,1519645
110,87,Alinka,[KRL] кристал,S119,1519330
111,88,ЧИЛЛ,[Hhhh] Xpovos,S119,1517793
112,89,CLOWNado¿,[CLAV] ВОЙНЫ,S119,1515945
113,90,Vicstorys,[WIn] OnlyWin,S119,1515801
114,91,ayna,[Hhhh] Xpovos,S119,1514635
115,92,ZadrotAli,[DOOM] Armageddon,S119,1689323
116,93,BearSnork,[CHIL] ChillEmpire,S119,1679171
117,94,T-800-,[STLG] SteelLegion,S119,1622798
118,95,NAGIBATOR9000,[SORI] ВРЕДНЫЕ,S119,1587619
119,96,ооооомакарена,[DOOM] Armageddon,S119,1564878
120,97,ReKt,[CLAV] ВОЙНЫ,S119,1529380
121,98,AlexZeban777,[STLG] SteelLegion,S119,1519571
122,99,XPOM84,[Hhhh] Xpovos,S119,1514581
123,100,DeaDrich,[Sold] Soldiers,S119,1509536
124,24,Бутрагенио,[Bigg] Бароны,S117,1509430
125,101,Sickness,[STLG] SteelLegion,S119,1501694
126,102,stafan,[WIn] OnlyWin,S119,1482743
127,103,zombibutcher1923,[dark] HORIZON,S119,1474070
128,104,Akazzza,[DOOM] Armageddon,S119,1465150
129,105,DozaPsixoza,[DOOM] Armageddon,S119,1462051
130,25,Mistresss,[GDI] GolgDiggers,S117,1443241
131,26,Rzurzu,[P2MP] NowaPolandia,S117,1427283
132,27,BoredAtWork,[P1MP] JU1CE,S117,1391892
133,28,UsamaBogdanLaden,[Bigg] Бароны,S117,1371941
134,106,PORTLAND,[DOOM] Armageddon,S119,1348028
135,107,ВАРВАР,[CLAV] ВОЙНЫ,S119,1341172
136,108,Синичка,[CHIL] ChillEmpire,S119,1314780
137,109,snaiperpool,[DOOM] Armageddon,S119,1313664
138,110,Префект,[KRL] кристал,S119,1310660
139,111,Vetaliy,[CHIL] ChillEmpire,S119,1307527
140,112,VoVaTRV,[dark] HORIZON,S119,1291121
141,29,Bad°Boy,[P1MP] JU1CE,S117,1289106
142,113,Ksuhaha,[OFF] OnlyForFans,S119,1285519
143,114,seg15,[DOOM] Armageddon,S119,1273407
144,30,2Каратель,[ALIN] Алина,S117,1273038
145,115,PANDa,[OFF] OnlyForFans,S119,1271330
146,31,Berzloi,[Bigg] Бароны,S117,1266026
147,116,Davoth,[DOOM] Armageddon,S119,1240279
148,117,Viamay,[dark] HORIZON,S119,1235393
149,118,Зордан,[SORI] ВРЕДНЫЕ,S119,1230691
150,119,Oliver17,[dark] HORIZON,S119,1228762
151,120,Термитиус,[CHIL] ChillEmpire,S119,1223245
152,32,Chungi,[P1MP] JU1CE,S117,1219333
153,121,Осьминог,[DOOM] Armageddon,S119,1200896
154,122,Armen126,[SORI] ВРЕДНЫЕ,S119,1192958
155,123,Умница,[CHIL] ChillEmpire,S119,1180102
156,124,-Pikachu-,[Sold] Soldiers,S119,1178508
157,125,DrBaзелин,[DOOM] Armageddon,S119,1168697
158,126,Шакалад,[RTR] RETRO,S119,1165362
159,127,Судья,[DOOM] Armageddon,S119,1148468
160,128,Julie18,[dark] HORIZON,S119,1140596
161,33,chauncey,[P1MP] JU1CE,S117,1140422
162,129,Liberinn,[dark] HORIZON,S119,1136982
163,130,*Rybsas*,[CLAV] ВОЙНЫ,S119,1131080
164,131,iSeeU,[DOOM] Armageddon,S119,1130864
165,34,Kalissandre,[HDG] HérosdeGuerre,S117,1127004
166,132,ильватан,[OFF] OnlyForFans,S119,1126449
167,35,vanzone,[AZT] AntiZombieTeam,S117,1120582
168,36,Karinkasss,[Bigg] Бароны,S117,1117390
169,133,Inpush,[DOOM] Armageddon,S119,1109585
170,37,GATI,[GDI] GolgDiggers,S117,1096897
171,134,Mortrim,[DOOM] Armageddon,S119,1095585
172,135,Наталиа,[ARF2] БесячаяГвардия,S119,1095442
173,38,RedSectorA,[P2MP] NowaPolandia,S117,1085857
174,136,~°BrusnikaD°~,[ARF2] БесячаяГвардия,S119,1085473
175,137,БУУУ,[DOOM] Armageddon,S119,1082959
176,138,ДЕДМАЗАЙ,[DOOM] Armageddon,S119,1075020
177,139,ERMAK161,[DOOM] Armageddon,S119,1074986
178,140,компост,[DOOM] Armageddon,S119,1071950
179,141,diesel,[Sold] Soldiers,S119,1067339
180,142,ПффффФ,[ARF2] БесячаяГвардия,S119,1064135
181,39,Konstantinos86,[P1MP] JU1CE,S117,1054030
182,143,Olhcik85OREN,[HLCZ] HellsCrazy,S119,1049710
183,144,Пчел,[Hhhh] Xpovos,S119,1049342
184,145,andrew777,[DOOM] Armageddon,S119,1048336
185,40,Bossman2,[AADC] Tranquilityprevails,S117,1046474
186,146,хакк,[OFF] OnlyForFans,S119,1043715
187,147,Zlaya,[DOOM] Armageddon,S119,1040906
188,148,Sapogik,[UAW] UpadteAnioły,S119,1038042
189,149,sergeant94,[CHIL] ChillEmpire,S119,1035176
190,150,KaraKurt34,[SORI] ВРЕДНЫЕ,S119,1030356
191,151,Кэтринан,[OFF] OnlyForFans,S119,1029472
192,152,комарик,[SORI] ВРЕДНЫЕ,S119,1027796
193,153,Андрей911,[CHIL] ChillEmpire,S119,1025136
194,41,Poooncho,[GDI] GolgDiggers,S117,1013796
195,154,EveryOneF,[DOOM] Armageddon,S119,1011419
196,42,StraPonASSa,[Bigg] Бароны,S117,1001190
197,155,Loliloli,[STLG] SteelLegion,S119,999940
198,156,Ewgeni,[139] супердержава,S119,999000
199,43,Brody138,[P1MP] JU1CE,S117,997754
200,157,Letun33,[OFF] OnlyForFans,S119,994151
201,158,ХОЛоДНЫЙ,[ARF2] БесячаяГвардия,S119,992286
202,159,moskit,[Sold] Soldiers,S119,990758
203,44,XFactor,[GDI] GolgDiggers,S117,983955
204,160,VoroBuskI,[DOOM] Armageddon,S119,981268
205,161,Veenkle2,[DOOM] Armageddon,S119,975739
206,162,Darkannie,[dark] HORIZON,S119,968463
207,163,KpelvleHb,[STLG] SteelLegion,S119,967720
208,164,BornToBeWild88,[TSR2] TheShardofReality2,S119,966352
209,45,Purr,[KRS] KRATOS,S117,965083
210,165,ден1606,[dark] HORIZON,S119,962268
211,166,Mol4yn,[Sold] Soldiers,S119,960618
212,167,Chop-Chop,[DOOM] Armageddon,S119,956190
213,46,Tony-Soprano,[GDI] GolgDiggers,S117,953520
214,168,lamberjack,[STLG] SteelLegion,S119,953369
215,47,KOKRAN,[KRS] KRATOS,S117,952238
216,169,Котикобормотик,[CHIL] ChillEmpire,S119,946926
217,170,GökBörü54,[OFF] OnlyForFans,S119,942867
218,171,Махoрkа,[TSR2] TheShardofReality2,S119,942341
219,172,ejen,[0G8b] AbyssTerritory,S119,938637
220,173,klon95,[DOOM] Armageddon,S119,933404
221,174,Кексюня,[dark] HORIZON,S119,932888
222,175,Hacheslav,[CHIL] ChillEmpire,S119,929768
223,176,Men007,[DOOM] Armageddon,S119,929717
224,177,Сабии,[DOOM] Armageddon,S119,927580
225,178,Bsanya,[CHIL] ChillEmpire,S119,927375
226,179,Dark,[Sold] Soldiers,S119,926062
227,180,firstry,[TSR2] TheShardofReality2,S119,924577
228,48,KILLABWOY2002,[P1MP] JU1CE,S117,923874
229,49,KIAF,[GDI] GolgDiggers,S117,922602
230,50,FerylWeaver,[P1MP] JU1CE,S117,922141
231,51,evrenhalo,[P2MP] NowaPolandia,S117,920843
232,181,evilrabbit,[Hhhh] Xpovos,S119,914293
233,182,Мишаня71,[TSR2] TheShardofReality2,S119,913615
234,52,Wacker,[P1MP] JU1CE,S117,911354
235,183,Mi11enium,[RTR] RETRO,S119,907375
236,184,MatveiSnaps,[WIn] OnlyWin,S119,902472
237,185,kyznetc,[ARF2] БесячаяГвардия,S119,900993
238,53,275Alday,[AZT] AntiZombieTeam,S117,900656
239,186,Nazz8888,[CHIL] ChillEmpire,S119,899587
240,187,Commander2ifHkIV,[IVIN] Invincibilittaliani,S119,893432
241,188,JimmyNeutron,[dark] HORIZON,S119,877625
242,54,jf17,[AZT] AntiZombieTeam,S117,876258
243,55,Luke0727,[P2MP] NowaPolandia,S117,873811
244,189,Хзк,[WIn] OnlyWin,S119,873219
245,190,pobegaika,[Sold] Soldiers,S119,872810
246,191,Androp22,[0G8b] AbyssTerritory,S119,871904
247,192,EvVa,[DOOM] Armageddon,S119,869545
248,56,Squadoo,[P1MP] JU1CE,S117,868834
249,57,ArT-G,[GDI] GolgDiggers,S117,866938
250,193,Вахуея,[Hhhh] Xpovos,S119,852801
251,58,Ma3afone,[GDI] GolgDiggers,S117,849894
252,59,Titania008,[OUTS] OUTSIDERS,S117,847278
253,194,VVFENIXW,[OFF] OnlyForFans,S119,845162
254,195,ВРЕДНАЯ,[SORI] ВРЕДНЫЕ,S119,844954
255,60,Rhyzup,[P1MP] JU1CE,S117,844526
256,196,SveT,[STLG] SteelLegion,S119,844048
257,61,DLOVÚOLOS,[ALIN] Алина,S117,843537
258,62,Старичек,[Bigg] Бароны,S117,843347
259,63,PettyPandaPimp,[P1MP] JU1CE,S117,828021
260,197,YuristKazan,[dark] HORIZON,S119,816916
261,198,ksenn,[OFF] OnlyForFans,S119,811090
262,199,Sarife,[RTR] RETRO,S119,809325
263,64,LeRoiChameau,[KRS] KRATOS,S117,805789
264,200,RELAX1,[STLG] SteelLegion,S119,805337
265,201,FairyDust,[TSR2] TheShardofReality2,S119,805193
266,202,RjGray,[ARF2] БесячаяГвардия,S119,803346
267,65,Whiteline876,[P1MP] JU1CE,S117,802287
268,203,KlykOFFka,[0G8b] AbyssTerritory,S119,801533
269,204,Philinx,[SORI] ВРЕДНЫЕ,S119,801445
270,205,Тигрица37,[SORI] ВРЕДНЫЕ,S119,794686
271,206,Bu3utëp,[Sold] Soldiers,S119,794387
272,207,Ладулька,[DOOM] Armageddon,S119,794369
273,208,kalibus,[DOOM] Armageddon,S119,793930
274,209,Zeero54,[CHIL] ChillEmpire,S119,788790
275,66,열혈꿀벌,[GDI] GolgDiggers,S117,772639
276,210,BarmaLei,[STLG] SteelLegion,S119,765969
277,211,Nежная,[RTR] RETRO,S119,761759
278,212,Veyvel,[0G8b] AbyssTerritory,S119,761187
279,67,LilD,[AZT] AntiZombieTeam,S117,755644
280,213,chudik209,[CHIL] ChillEmpire,S119,755510
281,214,EdVo,[OFF] OnlyForFans,S119,754025
282,215,Shtat,[ARF2] БесячаяГвардия,S119,753428
283,216,KiSuLya,[DOOM] Armageddon,S119,753188
284,68,Aylinn,[Bigg] Бароны,S117,752502
285,217,Antonio1986,[OFF] OnlyForFans,S119,747850
286,218,Vikz,[ARF2] БесячаяГвардия,S119,745689
287,219,PLANB,[SORI] ВРЕДНЫЕ,S119,745259
288,220,hancolos,[DOOM] Armageddon,S119,743115
289,221,Si4ka,[STLG] SteelLegion,S119,740171
290,222,KosValerievich,[Sold] Soldiers,S119,737418
291,223,AlInA,[CHIL] ChillEmpire,S119,733725
292,224,Antm,[RTR] RETRO,S119,733270
293,69,Donmoroccan,[HDG] HérosdeGuerre,S117,729384
294,225,Dvoron,[0G8b] AbyssTerritory,S119,729060
295,226,就nexa88过,[OFF] OnlyForFans,S119,722600
296,227,MoRaLiStKa,[TSR2] TheShardofReality2,S119,722444
297,228,КЫТЬ,[dark] HORIZON,S119,720449
298,229,Дед°,[STLG] SteelLegion,S119,716820
299,70,Jony1°haish,[P1MP] JU1CE,S117,716776
300,230,КАРАБАС,[TSR2] TheShardofReality2,S119,715287
301,231,Дорожник,[DOOM] Armageddon,S119,711806
302,232,Viktor11a,[Sold] Soldiers,S119,704913
303,71,Skitz0,[P1MP] JU1CE,S117,699304
304,72,Gindzatw,[P1MP] JU1CE,S117,692425
305,233,Резоуст,[WIn] OnlyWin,S119,690659
306,234,Alexs36021984,[OFF] OnlyForFans,S119,689312
307,73,Teamsneakeys,[OUTS] OUTSIDERS,S117,689116
308,235,GREK7,[SORI] ВРЕДНЫЕ,S119,687497
309,236,Pyata4oK,[415] Воркута,S119,681286
310,237,МІТЗМАХ,[BNN] Banana,S119,680640
311,238,fLinT,[HPRN] ГИПЕРИОН,S119,678487
312,74,Mfsz81,[AZT] AntiZombieTeam,S117,677020
313,239,Ралли2,[CHIL] ChillEmpire,S119,675903
314,240,OrJIaHrYp,[RTR] RETRO,S119,675159
315,241,Боро,[Bas] BASIS,S119,674536
316,242,Доннерветтер,[SORI] ВРЕДНЫЕ,S119,672783
317,243,DOORAN,[WIn] OnlyWin,S119,669759
318,244,Пиран,[DOOM] Armageddon,S119,668520
319,75,hiroash240,[AZT] AntiZombieTeam,S117,668074
320,245,Кохыч,[ARF2] БесячаяГвардия,S119,666552
321,76,ElkaD,[P2MP] NowaPolandia,S117,665306
322,77,SDFX,[Bigg] Бароны,S117,663914
323,246,Максим1986,[Sold] Soldiers,S119,663111
324,247,OkSaNa01,[dark] HORIZON,S119,659925
325,78,Hodjachij,[Bigg] Бароны,S117,659559
326,248,xCruelx,[OFF] OnlyForFans,S119,652530
327,249,плутик,[BNN] Banana,S119,648115
328,250,yellowBlueHeart,[DOOM] Armageddon,S119,644994
329,79,SAMMY,[P1MP] JU1CE,S117,643054
330,251,Yarosl,[CHIL] ChillEmpire,S119,642362
331,252,OoBASTEToO,[WIn] OnlyWin,S119,640814
332,80,Elmayo,[P1MP] JU1CE,S117,640081
333,253,Аммон,[CHIL] ChillEmpire,S119,637861
334,81,Kaban13,[GDI] GolgDiggers,S117,629579
335,254,AlexPiterPro,[CHIL] ChillEmpire,S119,629519
336,82,KaryLive,[P1MP] JU1CE,S117,628334
337,255,ДИМОН555,[DOOM] Armageddon,S119,624205
338,83,지공이,[GDI] GolgDiggers,S117,616333
339,256,BabeK,[DOOM] Armageddon,S119,609255
340,257,BUDWEEK,[dark] HORIZON,S119,605319
341,258,Ezgiikaya,[SORI] ВРЕДНЫЕ,S119,605138
342,259,İzmirlee,[dark] HORIZON,S119,601345
343,260,Hunter,[TSR2] TheShardofReality2,S119,600794
344,84,InkedBabyeePIMP,[P1MP] JU1CE,S117,597815
345,85,Blockboy5,[P1MP] JU1CE,S117,597784
346,261,Adel716,[CHIL] ChillEmpire,S119,590195
347,86,Duego,[aWLO] 111AB,S117,589380
348,262,Frou-Frou,[WIn] OnlyWin,S119,587383
349,263,ИзяБластманн,[DOOM] Armageddon,S119,585890
350,87,kOsTaн7965,[Bigg] Бароны,S117,585041
351,264,МаксКлим,[SORI] ВРЕДНЫЕ,S119,584596
352,265,Sedykh,[TSR2] TheShardofReality2,S119,580823
353,266,Legion86,[dark] HORIZON,S119,580454
354,88,okouioui,[HDG] HérosdeGuerre,S117,578428
355,267,RIFT,[ARF2] БесячаяГвардия,S119,573219
356,89,TeamGwada,[OUTS] OUTSIDERS,S117,571775
357,90,VIKINGgamer,[Bigg] Бароны,S117,568278
358,268,ANGELIKA,[CHIL] ChillEmpire,S119,567194
359,269,Ivayrus,[OFF] OnlyForFans,S119,562477
360,270,karachan,[AmG] Аксель,S119,560585
361,271,Скилл,[DOOM] Armageddon,S119,558936
362,272,PartoS,[RTR] RETRO,S119,556451
363,273,ФермеР,[SORI] ВРЕДНЫЕ,S119,550705
364,274,Lordakmal07,[ARF2] БесячаяГвардия,S119,544924
365,275,дроновод,[DOOM] Armageddon,S119,544484
366,276,Серррый,[OFF] OnlyForFans,S119,544371
367,277,Тэланд,[WIn] OnlyWin,S119,544087
368,278,Ostile,[dark] HORIZON,S119,544015
369,279,Dedem34,[DOOM] Armageddon,S119,540682
370,91,topher76,[KRS] KRATOS,S117,540542
371,280,Valay,[KRL] кристал,S119,538301
372,281,Chris777,[CHIL] ChillEmpire,S119,537735
373,92,MõõnChild,[ALIN] Алина,S117,533654
374,93,Desmos,[ALIN] Алина,S117,526602
375,282,JamesSullivan,[OFF] OnlyForFans,S119,521548
376,283,Цунар,[CLAV] ВОЙНЫ,S119,519261
377,284,Весовщик,[WIn] OnlyWin,S119,508856
378,285,Oksano4Ka666,[RTR] RETRO,S119,508806
379,286,1111TDA1111,[CLAV] ВОЙНЫ,S119,506178
380,94,Svensen003,[DGe] DieGestrandeten,S117,505991
381,287,zolotko,[SSSE] Pensioners,S119,503860
382,288,ZhekaSkillDoc,[Sold] Soldiers,S119,502735
383,289,йосикоСудзыко,[WIn] OnlyWin,S119,500530
384,95,Mogwai22,[KRS] KRATOS,S117,493660
385,290,Lisa36,[TSR2] TheShardofReality2,S119,492612
386,291,RamsesII,[DOOM] Armageddon,S119,491650
387,292,Gvendalin,[SSSE] Pensioners,S119,491427
388,96,DarkbossK,[DSM] DarkStorm,S117,486388
389,97,DubsV2,[AZT] AntiZombieTeam,S117,482773
390,293,Pepjakin,[TSR2] TheShardofReality2,S119,481747
391,98,Zut-et-Zut,[HDG] HérosdeGuerre,S117,481316
392,99,RobboUK,[P2MP] NowaPolandia,S117,480834
393,100,Franck2B,[KRS] KRATOS,S117,480340
394,294,чегурность,[OFF] OnlyForFans,S119,479818
395,295,Eternal2019,[TSR2] TheShardofReality2,S119,478486
396,101,아케론,[GDI] GolgDiggers,S117,473832
397,296,Михаил94₽,[CHIL] ChillEmpire,S119,469531
398,297,PitipiwpiwWiwWiw,[ARF2] БесячаяГвардия,S119,467466
399,102,Twiga,[GDI] GolgDiggers,S117,462682
400,103,WarDog00,[AZT] AntiZombieTeam,S117,456521
401,104,Bilette83,[HDG] HérosdeGuerre,S117,456245
402,298,WARP,[STLG] SteelLegion,S119,454528
403,299,НиколайВ,[Rog] РогаиКопыта007,S119,450145
404,300,Valldemar,[CHIL] ChillEmpire,S119,448972
405,105,NATOO,[P1MP] JU1CE,S117,447094
406,301,ЕвгенийАфоня,[OFF] OnlyForFans,S119,441961
407,302,Alena,[0G8b] AbyssTerritory,S119,441340
408,106,Rubosh,[GDI] GolgDiggers,S117,441111
409,107,laggingPotato,[P1MP] JU1CE,S117,438087
410,108,Slickback,[P1MP] JU1CE,S117,437247
411,109,Rango46,[P2MP] NowaPolandia,S117,436068
412,303,Характер,[DOOM] Armageddon,S119,435686
413,110,Taniern,[KRS] KRATOS,S117,433581
414,111,владкмс,[Bigg] Бароны,S117,429344
415,304,Иуф,[CLAV] ВОЙНЫ,S119,417750
416,112,IKARI°P1MP,[P1MP] JU1CE,S117,415044
417,113,Mr-Kaplan,[HDG] HérosdeGuerre,S117,413890
418,114,nachoocarp,[DSM] DarkStorm,S117,411512
419,305,EL8,[RTR] RETRO,S119,408530
420,306,Tatusya,[OFF] OnlyForFans,S119,406593
421,307,Вредный,[SORI] ВРЕДНЫЕ,S119,405320
422,308,PyсjlaH83,[RTR] RETRO,S119,401127
423,115,SingularityPIMP,[P1MP] JU1CE,S117,400788
424,309,Диггер,[WIn] OnlyWin,S119,399738
425,310,GFreeman666,[TSR2] TheShardofReality2,S119,399280
426,311,nenoo2,[STLG] SteelLegion,S119,399087
427,312,никк83,[SORI] ВРЕДНЫЕ,S119,390625
428,313,Михаалыч,[CHIL] ChillEmpire,S119,384240
429,116,Tekinsoldier,[P1MP] JU1CE,S117,378460
430,314,Bangflag,[OFF] OnlyForFans,S119,377191
431,315,Österreichring,[WIn] OnlyWin,S119,365478
432,316,Bobr1501,[OFF] OnlyForFans,S119,363592
433,317,ast29,[ARF2] БесячаяГвардия,S119,363024
434,318,SaintsRowNow,[CHIL] ChillEmpire,S119,362117
435,117,Kittanna,[P2MP] NowaPolandia,S117,353130
436,319,ДжЖИ,[CHIL] ChillEmpire,S119,352571
437,118,дддимитриии,[Bigg] Бароны,S117,349016
438,320,SMUFR,[KRL] кристал,S119,346692
439,321,Bodri,[OFF] OnlyForFans,S119,344840
440,322,-Дюша-,[Hhhh] Xpovos,S119,342380
441,119,EDHILCOY,[AZT] AntiZombieTeam,S117,338267
442,323,WSweTlayaY,[Sold] Soldiers,S119,336787
443,324,Stalingrados,[CHIL] ChillEmpire,S119,334585
444,120,M1kky,[HDG] HérosdeGuerre,S117,334362
445,325,Riccezza,[BNN] Banana,S119,333475
446,326,Лагетта,[WIn] OnlyWin,S119,329940
447,121,Lintark,[Ktq] TheGoats,S117,328547
448,327,HAqp,[dark] HORIZON,S119,327981
449,122,JourneyRex,[HDG] HérosdeGuerre,S117,327972
450,123,지하여장군,[AZT] AntiZombieTeam,S117,325702
451,124,Elizasnopchenko,[P1MP] JU1CE,S117,323115
452,328,Drm,[RTR] RETRO,S119,315928
453,329,Baslo,[ARF2] БесячаяГвардия,S119,315304
454,330,VHC,[RTR] RETRO,S119,315038
455,331,comadenig,[WIn] OnlyWin,S119,312730
456,332,lola319,[STLG] SteelLegion,S119,310153
457,333,ITLILU,[Sold] Soldiers,S119,306971
458,125,LaMich,[KRS] KRATOS,S117,302079
459,126,HAMMERS,[P1MP] JU1CE,S117,300636
460,334,Klio,[OFF] OnlyForFans,S119,294303
461,127,Nando6331,[P1MP] JU1CE,S117,293370
462,335,alant,[CLAV] ВОЙНЫ,S119,291658
463,336,Землеход,[SORI] ВРЕДНЫЕ,S119,289998
464,337,Братр,[RTR] RETRO,S119,289337
465,338,myxyi,[WIn] OnlyWin,S119,275269
466,128,SB123,[P2MP] NowaPolandia,S117,273898
467,129,dobrodey,[Bigg] Бароны,S117,268576
468,339,Mario,[DOOM] Armageddon,S119,267920
469,340,teku4iov,[TSR2] TheShardofReality2,S119,265346
470,130,YEAG3R,[P1MP] JU1CE,S117,262246
471,341,Руслан64рег,[ARF2] БесячаяГвардия,S119,260346
472,131,sesil34,[GDI] GolgDiggers,S117,252079
473,342,TIGRIS,[Hhhh] Xpovos,S119,250000
474,343,когрть,[STLG] SteelLegion,S119,248615
475,132,Abo'Naeem,[AZT] AntiZombieTeam,S117,248501
476,133,Commander2dTD8pL,[hel] helloo,S117,246153
477,344,hpok,[Hhhh] Xpovos,S119,240940
478,345,Anna8922,[TSR2] TheShardofReality2,S119,240675
479,346,Tiger7,[RTR] RETRO,S119,239375
480,134,MajsterJoe,[AZT] AntiZombieTeam,S117,239183
481,347,ФСЕРЁГАФ,[ARF2] БесячаяГвардия,S119,239165
482,135,Adam9696,[P2MP] NowaPolandia,S117,231688
483,348,Notten1,[STLG] SteelLegion,S119,226560
484,349,зохаа,[CHIL] ChillEmpire,S119,225497
485,136,Yzjeyabella,[P2MP] NowaPolandia,S117,216552
486,137,LynxNM,[HDG] HérosdeGuerre,S117,213427
487,350,Rati,[DOOM] Armageddon,S119,203586
488,351,Bender101,[TSR2] TheShardofReality2,S119,199962
489,138,NoorNureke,[ALIN] Алина,S117,196880
490,352,43вольф,[OFF] OnlyForFans,S119,196754
491,353,OleChka,[WIn] OnlyWin,S119,194540
492,139,Godfather°,[Bigg] Бароны,S117,194356
493,354,Сашок67,[CLAV] ВОЙНЫ,S119,192695
494,140,Sammy41,[AZT] AntiZombieTeam,S117,192148
495,141,CRITTER,[KRS] KRATOS,S117,189215
496,142,GeneralNR1,[UTS] upthescore,S117,188912
497,143,Thirdspace,[AZT] AntiZombieTeam,S117,188396
498,144,LokoFeN,[P2MP] NowaPolandia,S117,188220
499,355,TIGR23RU,[TSR2] TheShardofReality2,S119,188153
500,356,АптечниК,[CHIL] ChillEmpire,S119,188040
501,357,КИЛЛА5544,[RTR] RETRO,S119,187822
502,145,Grandpaowl,[P1MP] JU1CE,S117,187286
503,146,Goodjian,[P1MP] JU1CE,S117,186307
504,358,Chihuanihua,[STLG] SteelLegion,S119,184910
505,359,Aleksanrus,[OFF] OnlyForFans,S119,183697
506,147,PhantomLord,[P1MP] JU1CE,S117,179878
507,148,Butter-san,[GDI] GolgDiggers,S117,175234
508,360,Пахан76,[dark] HORIZON,S119,174320
509,361,MissMari0506,[SSSE] Pensioners,S119,172703
510,149,NightLizard,[GDI] GolgDiggers,S117,167424
511,150,공공칠빵,[GDI] GolgDiggers,S117,160972
512,151,PJA75,[KRS] KRATOS,S117,160180
513,362,smitovsk,[OFF] OnlyForFans,S119,160120
514,363,White43,[CHIL] ChillEmpire,S119,159940
515,152,Drekamaor,[HDG] HérosdeGuerre,S117,157540
516,153,어쩔TV,[AZT] AntiZombieTeam,S117,155964
517,154,CheckMateBB,[HDG] HérosdeGuerre,S117,155620
518,155,잘하는데Adept,[AZT] AntiZombieTeam,S117,154176
519,364,Лиза1982,[Sold] Soldiers,S119,153628
520,156,Juan29362,[P1MP] JU1CE,S117,152704
521,157,Nemesice,[KRS2] KRATO,S117,152333
522,365,ЧЕРНОБЫЛЬ,[dark] HORIZON,S119,150504
523,158,Социк,[TIOX] ПоХуисты,S117,150488
524,366,INoName,[KRL] кристал,S119,150000
525,367,JIeHaP,[RTR] RETRO,S119,149970
526,159,Commander2eGFKHX,[KRS2] KRATO,S117,149287
527,368,Derskay,[WIn] OnlyWin,S119,148444
528,160,ARKAN8,[GDI] GolgDiggers,S117,148210
529,161,Parada,[HDG] HérosdeGuerre,S117,147678
530,369,Белгородец,[RTR] RETRO,S119,146487
531,162,Commander2fCTrIp,[VBD] VBDRFABA,S117,143932
532,370,Strannikkk,[SORI] ВРЕДНЫЕ,S119,142249
533,163,Hugomugo,[GDI] GolgDiggers,S117,140050
534,164,เจเจ,[Cmds] Comandantes,S117,139540
535,371,aLVLad,[OFF] OnlyForFans,S119,138405
536,165,Dastigator,[Bigg] Бароны,S117,136979
537,166,Hellennik,[KRS] KRATOS,S117,136952
538,372,док777,[WIn] OnlyWin,S119,136721
539,167,Cockroachx,[TLC] ThalassaCoven,S117,134650
540,168,fix13,[UTS] upthescore,S117,134617
541,169,ASkor,[SHE] ShadowLover,S117,133996
542,170,Commander2dRgKOd,[BYQ] USASKK,S117,133318
543,171,Luffy15,[XAT] EUROMONEY,S117,131646
544,172,norah92,[HDG] HérosdeGuerre,S117,130191
545,373,Koldo,[WIn] OnlyWin,S119,130010
546,374,Vitalya16,[ARF2] БесячаяГвардия,S119,130000
547,375,UmbrAPanther,[TSR2] TheShardofReality2,S119,129263
548,376,Obi12try,[WIn] OnlyWin,S119,128782
549,173,pawelpeine,[VPL] VictoryProLeague,S117,128230
550,174,Ivanmask,[TIOX] ПоХуисты,S117,128061
551,175,Commander2fomgbr,[KRS2] KRATO,S117,127272
552,176,Commander2eAAVjn,[aWLO] 111AB,S117,126886
553,177,WeaponX,[MMMC] Mdodmcj,S117,125416
554,377,-Михалыч-,[dark] HORIZON,S119,125205
555,378,ANDR,[STLG] SteelLegion,S119,123820
556,178,sawbridge,[AADC] Tranquilityprevails,S117,123712
557,179,PedaMcGregor,[DGe] DieGestrandeten,S117,123466
558,180,-NERO-,[P1MP] JU1CE,S117,123078
559,181,Elbosco,[KRS] KRATOS,S117,121570
560,379,"""МотоИра"")",[DOOM] Armageddon,S119,121470
561,380,AleksandrIv,[HLCZ] HellsCrazy,S119,120305
562,381,Спец43,[TSR2] TheShardofReality2,S119,120297
563,182,bankalichigo,[HDG] HérosdeGuerre,S117,120028
564,382,PityuHun,[STLG] SteelLegion,S119,119660
565,183,J口口,[Csf] Sleepyforest,S117,114990
566,383,Лучезарная,[TSR2] TheShardofReality2,S119,113485
567,384,8арбуз,[BNN] Banana,S119,110486
568,184,warcoolcation,[P2MP] NowaPolandia,S117,110090
569,385,fantazer99,[OFF] OnlyForFans,S119,109747
570,386,Буратино94,[OFF] OnlyForFans,S119,107686
571,185,rbk2009,[OUTS] OUTSIDERS,S117,104590
572,186,JoesCastle,[AZT] AntiZombieTeam,S117,102014
573,387,Юрдос,[RTR] RETRO,S119,99837
574,187,Sweatybollocks,[P2MP] NowaPolandia,S117,98848
575,188,Kkkxx,[HDG] HérosdeGuerre,S117,98533
576,189,KaRTaL60,[Bigg] Бароны,S117,98092
577,190,ThomasMissal,[MMMC] Mdodmcj,S117,97330
578,191,jek1981,[SpSS] AusSpass,S117,96145
579,388,Lizart,[CHIL] ChillEmpire,S119,96000
580,192,VicTOR,[Bigg] Бароны,S117,95833
581,193,Commander2eTjfj7,[aWLO] 111AB,S117,95386
582,194,JEDI4U,[mvEp] Viva4ever,S117,95376
583,389,Romka19081993,[CHIL] ChillEmpire,S119,93248
584,195,archer339,[P1MP] JU1CE,S117,92652
585,196,trish19853,[SHE] ShadowLover,S117,92428
586,197,kocholo,[AZT] AntiZombieTeam,S117,91360
587,198,BHBH,[P1MP] JU1CE,S117,90568
588,199,ẌūℒἰGẳ₦ka,[Bigg] Бароны,S117,90416
589,390,CowboyNike,[RTR] RETRO,S119,89694
590,391,katusha,[dark] HORIZON,S119,89358
591,392,Choco1ate,[dark] HORIZON,S119,88627
592,393,Lisica88,[dark] HORIZON,S119,88500
593,394,Gonsalles,[dark] HORIZON,S119,84944
594,200,GrandmaFrog,[P1MP] JU1CE,S117,83012
595,395,KeepOut,[dark] HORIZON,S119,81395
596,201,MidasGN,[Bigg] Бароны,S117,81372
597,396,Aleks06,[0G8b] AbyssTerritory,S119,80964
598,397,Tet1811,[dark] HORIZON,S119,80956
599,398,Belka81,[WIn] OnlyWin,S119,80432
600,202,chentaren,[Csf] Sleepyforest,S117,80164
601,203,priv8,[Bigg] Бароны,S117,79536
602,1,djager,[715] team715,S114,79527
603,399,ремм,[ARF2] БесячаяГвардия,S119,79120
604,400,штурмz,[SSSE] Pensioners,S119,79000
605,204,Commander2fH1W5f,[VBD] VBDRFABA,S117,77685
606,401,Akmanah,[SSSE] Pensioners,S119,75511
607,402,Buhgalter,[0G8b] AbyssTerritory,S119,74592
608,403,КСюЛЯ2209,[OFF] OnlyForFans,S119,74388
609,404,BookKeeper,[TSR2] TheShardofReality2,S119,74377
610,405,Регион73,[0G8b] AbyssTerritory,S119,74184
611,406,krone,[TSR2] TheShardofReality2,S119,74027
612,205,bestindaplace,[SMY] SileentMajority,S117,72938
613,407,Zakat617,[dark] HORIZON,S119,72892
614,206,DeathReapers,[P1MP] JU1CE,S117,72214
615,408,Igel9780,[OFF] OnlyForFans,S119,70752
616,207,Ozzymandias,[KRS] KRATOS,S117,69679
617,409,volkovnd,[RTR] RETRO,S119,69221
618,208,1Евгений,[GDI] GolgDiggers,S117,68530
619,410,ДМБ2018,[dark] HORIZON,S119,68308
620,411,Flower888,[RTR] RETRO,S119,68151
621,412,DISC,[CHIL] ChillEmpire,S119,68000
622,413,Луг,[Hhhh] Xpovos,S119,68000
623,209,mrViktor,[3612] Легенда007,S117,67655
624,414,stepnik,[0G8b] AbyssTerritory,S119,63281
625,415,О-Генна,[TSR2] TheShardofReality2,S119,60376
626,210,kane09,[AZT] AntiZombieTeam,S117,59473
627,416,Arlion,[TSR2] TheShardofReality2,S119,55465
628,211,LaViking,[HDG] HérosdeGuerre,S117,55360
629,417,E-Elka,[0G8b] AbyssTerritory,S119,54536
630,418,АрниМАХНО,[dark] HORIZON,S119,52992
631,419,PAPER,[0G8b] AbyssTerritory,S119,52615
632,420,zilibaba,[ARF2] БесячаяГвардия,S119,50963
633,421,Нориндия,[WIn] OnlyWin,S119,48971
634,422,полынь,[ARF2] БесячаяГвардия,S119,48638
635,423,СаняКонаково,[WIn] OnlyWin,S119,48358
636,212,cmcw,[KRS] KRATOS,S117,48264
637,213,NickiV,[P1MP] JU1CE,S117,48252
638,424,DevilFox,[RTR] RETRO,S119,47599
639,425,Zverrr,[OFF] OnlyForFans,S119,47472
640,214,Agam0017,[P1MP] JU1CE,S117,46336
641,426,Sunny18,[dark] HORIZON,S119,45729
642,427,Поварёнок46,[ZLOY] poWAR,S119,45000
643,428,AstralZ+>Oo°,[OFF] OnlyForFans,S119,42800
644,215,Commander2f0ANKd,[COMI] AmericanHeadquarter,S117,42572
645,429,ДраконАнтоныч,[WIn] OnlyWin,S119,42172
646,430,Просак,[STLG] SteelLegion,S119,41152
647,216,poff,[KGH] KNGTH,S117,41008
648,431,Annapnx,[dark] HORIZON,S119,40760
649,217,TonyLoco,[P2MP] NowaPolandia,S117,39826
650,218,Zombierob,[Bigg] Бароны,S117,39560
651,219,Rageroad,[Bigg] Бароны,S117,39072
652,220,PreacheR,[P1MP] JU1CE,S117,38689
653,432,Минотворец,[dark] HORIZON,S119,38372
654,433,Baz5939,[Sold] Soldiers,S119,37167
655,434,Джоник89,[RTR] RETRO,S119,36316
656,435,Паша228228,[SSSE] Pensioners,S119,34000
657,436,Hopemimi,[HPRN] ГИПЕРИОН,S119,34000
658,221,TONTON,[KRS] KRATOS,S117,33528
659,222,Towels,[KRS] KRATOS,S117,33499
660,223,Yanecukold,[GDI] GolgDiggers,S117,31407
661,224,김써니,[AZT] AntiZombieTeam,S117,28700
662,225,Flying 168,[P2MP] NowaPolandia,S117,28065
663,437,Margosha89,[WIn] OnlyWin,S119,28000
664,438,NaDinka,[SORI] ВРЕДНЫЕ,S119,27904
665,226,Honeyamber,[AZT] AntiZombieTeam,S117,25557
666,227,Sensei88,[Bigg] Бароны,S117,23825
667,228,kilmoger,[Bigg] Бароны,S117,22136
668,439,Тэто,[CHIL] ChillEmpire,S119,20018
669,229,NellieMoon,[AZT] AntiZombieTeam,S117,20007
670,230,Louïc,[KRS] KRATOS,S117,19000
671,440,MaqViz,[WIn] OnlyWin,S119,16795
672,441,MerMaid,[WIn] OnlyWin,S119,16788
673,231,bloodtaxicab,[HDG] HérosdeGuerre,S117,15210
674,232,Merelin76,[ALIN] Алина,S117,15061
675,233,SadSquatch,[P1MP] JU1CE,S117,12461
676,234,Katundr,[ALIN] Алина,S117,10180
677,235,King0926,[GDI] GolgDiggers,S117,10100
678,442,Feriizw,[WIn] OnlyWin,S119,9500
679,236,몰로카이,[Skr] southkorea,S117,7624
680,237,TMB17,[Tr1] TürkBirliğı,S117,6787
681,238,BurnEr,[P2MP] NowaPolandia,S117,6261
682,239,turkito,[P2MP] NowaPolandia,S117,6130
683,240,Rome5553,[7DS] Se7enDeàdlySins,S117,5831
684,241,cimlj,[KRS2] KRATO,S117,5450
685,242,8Beav,[DWD] DryWell,S117,5004
686,243,Rubelios777,[DRKT] DarkKnightS,S117,4825
687,244,BJG1684,[SHE] ShadowLover,S117,4806
688,443,Татали,[CLAV] ВОЙНЫ,S119,4671
689,245,vyyvyvubyg,[Tr1] TürkBirliğı,S117,4616
690,246,Commander2dpH6Gp,[HEII] DarkAl,S117,4032
691,247,TwiztidKMK,[KRS] KRATOS,S117,3709
692,248,JSPÜ,[P2MP] NowaPolandia,S117,3420
693,249,Commander2etHQe9,UJQKI JQKKK,S117,3392
694,250,CarPan,[AZT] AntiZombieTeam,S117,3285
695,251,Elder||Sage,[Bigg] Бароны,S117,3226
696,252,Chillen,[P2MP] NowaPolandia,S117,3177
697,253,JOY-COBRA,[Cmds] Comandantes,S117,3141
698,254,poort,[FBL3] DVDVDVDC,S117,3087
699,255,Skorp28rus,[ALIN] Алина,S117,3047
700,256,Cecil-Jr,[LOD2] Legionofdoom,S117,2640
701,257,Commander2fpqwYd,[SMR] Самара163,S117,2225
702,258,Commander2eTOfzv,[Ktq] TheGoats,S117,2208
703,259,Munchkin69,[AZT] AntiZombieTeam,S117,2124
704,260,Iyy,[7DS] Se7enDeàdlySins,S117,2070
705,261,Commander2fwRUUd,[TIMI] ASDFG,S117,2060
706,262,Commander2f6Syrj,[Tr1] TürkBirliğı,S117,2024
707,263,thedeadlyboy,[DFH] LregLSho,S117,1960
708,264,Holybone,[7DS] Se7enDeàdlySins,S117,1917
709,265,Biondo,[ATV] AllThingsVoid,S117,1824
710,266,Redtf,[LOD2] Legionofdoom,S117,1824
711,267,Mi4aeL,[PYZE] PYZDA,S117,1728
712,268,jored1980,[7DS] Se7enDeàdlySins,S117,1647
713,269,Xxxtop,[SHE] ShadowLover,S117,1638
714,270,Commander2eyPILr,[CK1] Crypt1cKnights,S117,1584
715,271,mats68,[PYZE] PYZDA,S117,1568
716,272,AskaRafush,[ALIN] Алина,S117,1530
717,273,JohnConnorNr1,[Wir] WölfeOdins,S117,1323
718,274,jayG,[COM] AmericanHeadquarter,S117,1260
719,275,Embaixada,[Cmds] Comandantes,S117,1224
720,276,tushary,[DRKT] DarkKnightS,S117,1190
721,277,slowie,[AZT] AntiZombieTeam,S117,1188
722,278,Каляша,[SILA] Живые,S117,1144
723,279,MACHA,[2kk] afwff,S117,1134
724,280,Commander2dMgdwx,[7DS] Se7enDeàdlySins,S117,980
725,281,Commander2fStPY9,[XAT] EUROMONEY,S117,963
726,282,Niloc,[LOD2] Legionofdoom,S117,900
727,283,Commander2fO2ZAp,[TLC] ThalassaCoven,S117,846
728,284,JZCesar,[Cmds] Comandantes,S117,819
729,285,Commander2eoVvTL,[D2D] DeadEndDynasty,S117,819
730,286,Commander2f7cIXD,[ERT] ERTTT,S117,801
731,287,Eljotaerre,[1Lr] resistencia,S117,793
732,288,rompetotona,[D2D] DeadEndDynasty,S117,776
733,289,Bretynal,[Ktq] TheGoats,S117,765
734,290,Kaique05,[Cmds] Comandantes,S117,747
735,291,Zealotam,[ALIN] Алина,S117,740
736,292,praxtor,[KRS] KRATOS,S117,729
737,293,MountainDude,[LOD2] Legionofdoom,S117,702
738,294,Commander2e8LTfL,[TLC] ThalassaCoven,S117,702
739,295,Commander2faJMZn,[TLC] ThalassaCoven,S117,693
740,296,CDRE,[UTS] upthescore,S117,693
741,297,Ghost47,No Alliance,S117,684
742,298,ffffddd4333,[7DS] Se7enDeàdlySins,S117,594
743,299,Dee9,[DWD] DryWell,S117,594
744,300,Dimasterx,[Bigg] Бароны,S117,590
745,301,아레흐,[GDI] GolgDiggers,S117,576
746,302,barbi,[1Lr] resistencia,S117,558
747,303,Commander2djnCg5,[TWB] BMWMT,S117,544
748,304,DuôNuC,[Bigg] Бароны,S117,522
749,305,김아무개,[Gogo] 저랑고고하실분,S117,513
750,306,Commander2dXEvDT,[TopU] UkraineWillWin,S117,504
751,307,Commander2fglvkF,[Wir] WölfeOdins,S117,504
752,308,ScotchWine,[7DS] Se7enDeàdlySins,S117,490
753,309,Commander2dXgCwd,[UTS] upthescore,S117,477
754,310,Arizonia,[P2MP] NowaPolandia,S117,450
755,311,Commander2fyM5FP,[TIMI] ASDFG,S117,450
756,312,KARO,[ALIN] Алина,S117,444
757,313,himom,[7DS] Se7enDeàdlySins,S117,432
758,314,Gwenz,[MMMC] Mdodmcj,S117,424
759,315,Madsx,[UTS] upthescore,S117,423
760,316,Секрафайз,[ALIN] Алина,S117,405
761,317,Siremath,[OUTS] OUTSIDERS,S117,405
762,318,Milobrlo,[Tr1] TürkBirliğı,S117,400
763,319,Commander2dNmrMF,[ues] SUAUUUUUUK,S117,387
764,320,Commander2fqQU3X,[TLC] ThalassaCoven,S117,329
765,321,Commander2eWjcDb,[uakl] uukkl,S117,328
766,322,바람부는날,[Gogo] 저랑고고하실분,S117,315
767,323,Commander2fY2m7r,[DFH] LregLSho,S117,312
768,324,Commander2fOFNC5,[LOD2] Legionofdoom,S117,311
769,325,Ekongsing,[Cmds] Comandantes,S117,306
770,326,Commander2eIQPZ3,[DFH] LregLSho,S117,306
771,327,Commander2fdKzsx,[SILA] Живые,S117,306
772,328,nathsz,[JQK] JQKKK,S117,306
773,329,Commander2fjGBi5,[Ktq] TheGoats,S117,288
774,330,คาร์ลอส,[FGTH] FunnyGTH,S117,288
775,331,HaTaB,[SILA] Живые,S117,288
776,332,Commander2dPoFet,[TIMI] ASDFG,S117,280
777,333,Commander2fCYWH3,[uakl] uukkl,S117,280
778,334,guzi95,[KRS] KRATOS,S117,279
779,335,lukyluke33,[KRS] KRATOS,S117,275
780,336,Commander2eb3Zhb,[KRS2] KRATO,S117,271
781,337,JOJOs,[HDG] HérosdeGuerre,S117,261
782,338,saro90,[Sp3r] Sparta2026,S117,261
783,339,Brickz,[uiko] USoioioioi,S117,260
784,340,borgesalx,[KRS] KRATOS,S117,256
785,341,Dbrzzy,[DWD] DryWell,S117,252
786,342,Elowsha,[AZT] AntiZombieTeam,S117,243
787,343,Макс3105,[ALIN] Алина,S117,243
788,344,Commander2ehFKhn,[UTS] upthescore,S117,243
789,345,Commander2dIozoV,[DFH] LregLSho,S117,240
790,346,Donivan37,[hel] helloo,S117,216
791,347,Commander2ewrgu9,[LOD2] Legionofdoom,S117,216
792,348,Aryaslay,[DFH] LregLSho,S117,208
793,349,Commander2ejHtTn,No Alliance,S117,207
794,350,Marchela13,[Bigg] Бароны,S117,207
795,351,Ekdv,[aWLO] 111AB,S117,207
796,352,Meem,[COG] Archersoflacross,S117,198
797,353,matalaque,[aWLO] 111AB,S117,198
798,354,Phdz,[hel] helloo,S117,198
799,355,dominavita86,[FBL1] DVDVDVDA,S117,198
800,356,RNZCT,[KRS] KRATOS,S117,198
801,357,Commander2evKKix,[UOU] Пендосы,S117,192
802,358,Commander2fMkSQ5,[aWLO] 111AB,S117,189
803,359,Commander2dG73BH,[2kk] afwff,S117,180
804,360,ChukyGaellavado,[1Lr] resistencia,S117,180
805,361,leebee72,[7DS] Se7enDeàdlySins,S117,180
806,362,Commander2d13bQF,[Tr1] TürkBirliğı,S117,180
807,363,nomi2026,[XAT] EUROMONEY,S117,176
808,364,Raffaellsmourao,[KGLN] KillingLegion,S117,176
809,365,Doberman1984,[AZT] AntiZombieTeam,S117,171
810,366,Commander2dOFg21,[UTS] upthescore,S117,160
811,367,HARIS,[Hard] Harder,S117,153
812,368,renalyn,[PYZE] PYZDA,S117,153
813,369,JoneR,[ALIN] Алина,S117,144
814,370,Commander2fYZTcV,[QCK] QUICKREACTIONFORCE,S117,128
815,371,Jenneres,[SpSS] AusSpass,S117,126
816,372,Серьезнь1й,[UTS] upthescore,S117,126
817,373,Commander2f2XUUt,[DFH] LregLSho,S117,120
818,374,jjlopes,[FBL3] DVDVDVDC,S117,117
819,375,Pojar,[ALIN] Алина,S117,117
820,376,Commander2epwHLn,[AADC] Tranquilityprevails,S117,112
821,377,Forfreedom,[HDG] HérosdeGuerre,S117,108
822,378,Bhock24,[AADC] Tranquilityprevails,S117,104
823,379,Commander2dZjhFH,[hel] helloo,S117,99
824,380,WrathofScruff,[AADC] Tranquilityprevails,S117,96
825,381,Commander2fGdndr,[ZhB] zumbihunters,S117,90
826,382,Марфия,[HEII] DarkAl,S117,90
827,383,Commander2fOvq17,[LOD2] Legionofdoom,S117,88
828,384,Tatato,[Bigg] Бароны,S117,81
829,385,Саги,［4wi］华夏联盟Eternal,S117,81
830,386,JohnyBravo,[RESH] Gshreh,S117,81
831,387,ПИЗДЕЦ,[SMR] Самара163,S117,81
832,388,Commander2fEkV0h,[LOD2] Legionofdoom,S117,80
833,389,Vladpit,[1Lr] resistencia,S117,72
834,390,Dbase,[AADC] Tranquilityprevails,S117,72
835,391,Commander2efXbPn,[KRS2] KRATO,S117,72
836,392,Armyyooper,[KDA] KDAUSA,S117,72
837,393,warrior97,[HEII] DarkAl,S117,72
838,394,MajorGrantly,[AADC] Tranquilityprevails,S117,63
839,395,aurelien62,[TIMI] ASDFG,S117,63
840,396,Commander2dWcNr7,[FBL3] DVDVDVDC,S117,63
841,397,Commander2fToEHr,[ERT] ERTTT,S117,63
842,398,TECLA,[ERT] ERTTT,S117,60
843,399,Gug777,[3612] Легенда007,S117,54
844,400,Commander2fcDtVb,[6it] JYGHF,S117,54
845,401,Commander2fFXfIV,[FBL3] DVDVDVDC,S117,54
846,402,Commander2e6ghHD,[SGP] SupremeGamingPro,S117,52
847,403,Clay0815,[190] CandyClub,S117,45
848,404,Commander2e6zUzj,[ERT] ERTTT,S117,45
849,405,Commander2eS9Ecl,[usv] USAUUUUUUUUKU,S117,40
850,406,Commander2duef3L,[DFH] LregLSho,S117,40
851,407,Ggman,[AADC] Tranquilityprevails,S117,40
852,408,Commander2evOD77,[Brav] Bravobr,S117,40
853,409,Norjo,[DFH] LregLSho,S117,40
854,410,Commander2dYaluN,[BYQ] USASKK,S117,40
855,411,Commander2eRQxiB,[Ktq] TheGoats,S117,40
856,412,Leech205,[AADC] Tranquilityprevails,S117,36
857,413,elmiro,[Cmds] Comandantes,S117,36
858,414,Commander2eu2kn3,[7DS] Se7enDeàdlySins,S117,36
859,415,vapor,[KGLN] KillingLegion,S117,36
860,416,Dawa78,[ALIN] Алина,S117,36
861,417,Commander2emh4Et,[Sp3r] Sparta2026,S117,36
862,418,yeya,[aWLO] 111AB,S117,36
863,419,Robdob,[COM] AmericanHeadquarter,S117,32
864,420,Commander2dVaVPn,[ovo] Fatebound,S117,27
865,421,Commander2fRrPPT,[SMY] SileentMajority,S117,27
866,422,Éofim,[Cmds] Comandantes,S117,27
867,423,sayingbruv,[DFH] LregLSho,S117,24
868,424,Sthimbana,[LOD2] Legionofdoom,S117,24
869,425,TemoisDaGreat,[LOD2] Legionofdoom,S117,24
870,426,Solton,[TopU] UkraineWillWin,S117,20
871,427,Bomoseen,[AADC] Tranquilityprevails,S117,18
872,428,homonez,[QWER] 가나디유치원,S117,18
873,429,RMS1701,[AADC] Tranquilityprevails,S117,18
874,430,crookstarconnect,[7DS] Se7enDeàdlySins,S117,18
875,431,Commander2dXCEyV,No Alliance,S117,18
876,432,Commander2dUapkF,[NNU] TheSun,S117,18
877,433,Commander2dSkSgt,[DFH] LregLSho,S117,18
878,434,crimsonSky,[TIOX] ПоХуисты,S117,18
879,435,Commander2fgD4kB,No Alliance,S117,18
880,436,Commander2fDKTB3,[DSM] DarkStorm,S117,18
881,437,Commander2ezeBGR,[DFH] LregLSho,S117,18
882,438,Commander2fwpIWZ,[DWD] DryWell,S117,18
883,439,Commander2eZe6Gh,[ERT] ERTTT,S117,18
884,440,Commander2dHDtM9,[Tr1] TürkBirliğı,S117,18
885,441,Commander2eZUyBD,[KDA] KDAUSA,S117,18
886,442,Commander2fVFcP3,[Gogo] 저랑고고하실분,S117,18
887,443,Commander2dqFkot,[SMR] Самара163,S117,16
888,444,COBRA1991,[DRKT] DarkKnightS,S117,16
889,445,Commander2fvHswd,[Ktq] TheGoats,S117,16
890,446,EtherealSaint,[COG] Archersoflacross,S117,9
891,447,Torro75,[ovo] Fatebound,S117,9
892,448,Commander2e9hCgR,[TIMI] ASDFG,S117,9
893,449,Commander2eq70dD,[SMY] SileentMajority,S117,9
894,450,LeCuss95,[Bigg] Бароны,S117,9
895,451,JC7979,[1Lr] resistencia,S117,9
896,452,valheru,No Alliance,S117,9
897,453,héro,[KRS] KRATOS,S117,9
898,454,Commander2eFPQJ7,[hel] helloo,S117,9
899,455,BHAGABAN,[ues] SUAUUUUUUK,S117,9
900,456,Commander2fHUnLD,[DWD] DryWell,S117,9
901,457,Commander2ezanyZ,[2kk] afwff,S117,9
902,458,Andyccc,[Hard] Harder,S117,9
903,459,Commander2enmMWF,[Tr1] TürkBirliğı,S117,9
904,460,Commander2e5KjLD,[ERT] ERTTT,S117,8
905,461,BEREJO,No Alliance,S117,8
906,462,Jro1,[VBD] VBDRFABA,S117,8
907,463,67427vette,[TLC] ThalassaCoven,S117,8
908,464,Commander2etXrKJ,[ERT] ERTTT,S117,6
