Rank,Server_Rank,Alliance,Server,Members,Total Points,Avg Points/Player,Top Commander,Top Commander Points
1,1,[P1MP] JU1CE,S117,56,81303195,1451842,TheRequiem,12050380
2,1,[DOOM] Armageddon,S119,55,59220092,1076728,ALEXBATE,3075670
3,2,[TSR2] TheShardofReality2,S119,42,44646456,1063010,Maketa,3585648
4,2,[GDI] GolgDiggers,S117,31,38039495,1227080,Azethoth,12604575
5,3,[CLAV] ВОЙНЫ,S119,21,29813250,1419678,Sergant13,4824312
6,4,[SORI] ВРЕДНЫЕ,S119,26,27672338,1064320,DubaiEscort,2507469
7,5,[STLG] SteelLegion,S119,27,26262883,972699,Yra187,2407531
8,6,[dark] HORIZON,S119,37,25960515,701635,xCollapse,2438202
9,7,[CHIL] ChillEmpire,S119,35,23794361,679838,BearSnork,1679171
10,8,[Sold] Soldiers,S119,22,22382962,1017407,sweertvi,2093135
11,9,[WIn] OnlyWin,S119,33,18561328,562464,Parovoz9,2002698
12,3,[Bigg] Бароны,S117,33,18468191,559642,Fayans,4174946
13,10,[OFF] OnlyForFans,S119,34,18384587,540723,Ksuhaha,1285519
14,11,[Hhhh] Xpovos,S119,15,16509486,1100632,MissCherry1221,1826973
15,12,[KRL] кристал,S119,11,15199573,1381779,МальчикАмбальчик,2747298
16,13,[RTR] RETRO,S119,25,12688044,507521,kykas,2137427
17,4,[AZT] AntiZombieTeam,S117,29,11873437,409428,Boomboomberry,1891498
18,14,[ARF2] БесячаяГвардия,S119,20,11179513,558975,Натали🥰,1095442
19,15,[BNN] Banana,S119,7,7455695,1065099,Boroda221,2409102
20,5,[P2MP] NowaPolandia,S117,21,7449757,354750,Rzurzu,1427283
21,16,[0G8b] AbyssTerritory,S119,13,6633718,510286,fRame,1689885
22,6,[KRS] KRATOS,S117,24,5790654,241277,Purr,965083
23,7,[HDG] HérosdeGuerre,S117,19,5542557,291713,Kalissandre,1127004
24,8,[ALIN] Алина,S117,16,3405658,212853,2Каратель,1273038
25,17,[HLCZ] HellsCrazy,S119,3,3068835,1022945,DronXXX,1898820
26,18,[SSSE] Pensioners,S119,7,3030755,432965,SkoRp,1674254
27,9,[OUTS] OUTSIDERS,S117,5,2213164,442632,Titania008,847278
28,10,[AADC] Tranquilityprevails,S117,11,1170745,106431,Bossman2,1046474
29,19,[UAW] UpadteAnioły,S119,1,1038042,1038042,Sapogik,1038042
30,20,[139] супердержава,S119,1,999000,999000,Ewgeni,999000
31,11,[DSM] DarkStorm,S117,3,897918,299306,DarkbossK,486388
32,21,[IVIN] InvincibiliItaliani,S119,1,893432,893432,Commander2ifHkIV,893432
33,12,[aWLO] 111AB,S117,7,812282,116040,Duego,589380
34,22,[HPRN] ГИПЕРИОН,S119,2,712487,356243,fLinT,678487
35,23,[415] Воркута,S119,1,681286,681286,Pyata4oK,681286
36,24,[Bas] BASIS,S119,1,674536,674536,Боро,674536
37,13,[DGe] DieGestrandeten,S117,2,629457,314728,Svensen003,505991
38,25,[AmG] Аксель,S119,1,560585,560585,karachan,560585
39,26,[Rog] РогаиКопыта007,S119,1,450145,450145,НиколайВ,450145
40,14,[KRS2] KRATO,S117,6,434685,72447,Nemesice,152333
41,15,[Ktq] TheGoats,S117,6,331864,55310,Lintark,328547
42,16,[UTS] upthescore,S117,8,325651,40706,GeneralNR1,188912
43,17,[TIOX] ПоХуисты,S117,3,278567,92855,Социк,150488
44,18,[hel] helloo,S117,5,246675,49335,Commander2dTD8pL,246153
45,19,[SHE] ShadowLover,S117,4,232868,58217,ASkor,133996
46,20,[MMMC] Mdodmcj,S117,3,223170,74390,WeaponX,125416
47,21,[VBD] VBDRFABA,S117,3,221625,73875,Commander2fCTrIp,143932
48,22,[Csf] Sleepyforest,S117,2,195154,97577,□□□□□□□□□□□□□,114990
49,23,[Cmds] Comandantes,S117,8,145840,18230,เจเจ,139540
50,24,[TLC] ThalassaCoven,S117,6,137228,22871,Cockroachx,134650
51,25,[BYQ] USASKK,S117,2,133358,66679,Commander2dRgK0d,133318
52,26,[XAT] EUROMONEY,S117,3,132785,44261,Luffy15,131646
53,27,[VPL] VictoryProLeague,S117,1,128230,128230,pawelpeine,128230
54,28,[SpSS] AusSpass,S117,2,96271,48135,jek1981,96145
55,29,[mvEp] Viva4ever,S117,1,95376,95376,JEDI4U,95376
56,1,[715] team715,S114,1,79527,79527,djager,79527
57,30,[SMY] SileentMajority,S117,3,72974,24324,bestindaplace,72938
58,31,[3612] Легенда007,S117,2,67709,33854,mrViktor,67655
59,27,[ZLOY] poWAR,S119,1,45000,45000,Поварёнок46,45000
60,32,[COM] AmericanHeadquarter,S117,3,43864,14621,Commander2f0ANKd,42572
61,33,[KGH] KNGTH,S117,1,41008,41008,poff,41008
62,34,[7DS] Se7enDeàdlySins,S117,11,14195,1290,Rome5553,5831
63,35,[Tr1] TürkBirliğı,S117,7,14034,2004,TMB17,6787
64,36,[Skr] southkorea,S117,1,7624,7624,몰로카이,7624
65,37,[LOD2] Legionofdoom,S117,10,6809,680,Cecil-Jr,2640
66,38,[DRKT] DarkKnightS,S117,3,6031,2010,Rubelios777,4825
67,39,[DWD] DryWell,S117,5,5877,1175,8Beav,5004
68,40,[HEII] DarkAl,S117,3,4194,1398,Commander2dpH6Gp,4032
69,41,[JQK] JQKKK,S117,2,3698,1849,Commander2etHQe9,3392
70,42,[PYZE] PYZDA,S117,3,3449,1149,Mi4aeL,1728
71,43,[FBL3] DVDVDVDC,S117,4,3321,830,poort,3087
72,44,[DFH] LregLSho,S117,11,3286,298,thedeadlyboy,1960
73,45,[TIMI] ASDFG,S117,5,2862,572,Commander2fwRUUd,2060
74,46,[SMR] Самара163,S117,3,2322,774,Commander2fpqwYd,2225
75,47,[Wir] WölfeOdins,S117,2,1827,913,JohnConnorNr1,1323
76,48,[ATV] AllThingsVoid,S117,1,1824,1824,Biondo,1824
77,49,[SILA] Живые,S117,3,1738,579,Каляша,1144
78,50,[1Lr] resistencia,S117,5,1612,322,Eljotaerre,793
79,51,[D2D] DeadEndDynasty,S117,2,1595,797,Commander2eoVvTL,819
80,52,[CK1] Crypt1cKnights,S117,1,1584,1584,Commander2eyPILr,1584
81,53,[2kk] afwff,S117,3,1323,441,MACHA,1134
82,54,[ERT] ERTTT,S117,7,1001,143,Commander2f7cIXD,801
83,55,No Alliance,S117,6,944,157,Ghost47,684
84,56,[Gogo] 저랑고고하실분,S117,3,846,282,김아무개,513
85,57,[uakl] uukkl,S117,2,608,304,Commander2eWjcDb,328
86,58,[TWB] BMWMT,S117,1,544,544,Commander2djnCg5,544
87,59,[TopU] UkraineWillWin,S117,2,524,262,Commander2dXEvDT,504
88,60,[ues] SUAUUUUUUK,S117,2,396,198,Commander2dNmrMF,387
89,61,[Sp3r] Sparta2026,S117,2,297,148,saro90,261
90,62,[FGTH] FunnyGTH,S117,1,288,288,คาร์ลอส,288
91,63,[uiko] USoioioioi,S117,1,260,260,Brickz,260
92,64,[KGLN] KillingLegion,S117,2,212,106,Raffaellsmourao,176
93,65,[COG] Archersoflacross,S117,2,207,103,Meem,198
94,66,[FBL1] DVDVDVDA,S117,1,198,198,dominavita86,198
95,67,[UOU] Пендосы,S117,1,192,192,Commander2evKKix,192
96,68,[Hard] Harder,S117,2,162,81,HARIS,153
97,69,[QCK] QUICKREACTIONFORCE,S117,1,128,128,Commander2fYZTcV,128
98,70,[ZhB] zumbihunters,S117,1,90,90,Commander2fGdndr,90
99,71,[KDA] KDAUSA,S117,2,90,45,Armyyooper,72
100,72,[4wi] 华夏联盟Eternal,S117,1,81,81,Саги,81
101,73,[RESH] Gshreh,S117,1,81,81,JohnyBravo,81
102,74,[6it] JYGHF,S117,1,54,54,Commander2fcDtVb,54
103,75,[SGP] SupremeGamingPro,S117,1,52,52,Commander2e6ghHD,52
104,76,[190] CandyClub,S117,1,45,45,Clay0815,45
105,77,[usv] USAUUUUUUUUKU,S117,1,40,40,Commander2eS9Ecl,40
106,78,[Brav] Bravobr,S117,1,40,40,Commander2evOD77,40
107,79,[ovo] Fatebound,S117,2,36,18,Commander2dVaVPn,27
108,80,[QWER] 가나디유치원,S117,1,18,18,homonez,18
109,81,[NNU] TheSun,S117,1,18,18,Commander2dUapkF,18
